Sector ID,Location
CO1,None
CO2,None
CO3,None
CO4,None
CO5,None
CO6,None
CO7,None
CO8,None
CO8b,None
CO9,None
CO10,None
CO11,None
CO12,None
CO13,None
CO14,None
CO15,None
CO16,None
CO17,None
CO18,None
CO19,None
CO20,None
CO21,None
CO22,None
CO23,None
CO24,None
CO25,None
CO26,None
CO27,None
CO28,None
CO29,None
CO30,None
CO31,None
CO35,None
CO36,None
CO37,None
CO38,None
CO39,None
CO40,None
CO41,None
CO42,None
CO44,None
CO45,None
CO46,None
CO47,None
CO48,None
CO49,None
CO50,None
CO51,None
CO52,None
CO53,None
CO54,None
CO55,None
CO56,None
CO57,None
CO58,None
CO59,None
CO60,None
CO61,None
CO62,None
CO63,None
CO64,None
CO65,None
CO66,None
CO67,None
CO68,None
CO69,None
CO70,None
CO71,None
CO72,None
CO73,None
CO74,None
CO75,None
CO76,None
CO77,None
CO78,None
CO79,None
CO80,None
CO81,None
CO82,None
CO83,None
CO84,None
CO85,None
CO86,None
CO87,None
CO88,None
CO89,None
CO90,None
CO91,None
CO92,None
CO93,None
CO94,None
CO95,None
CO96,None
CO97,None
CO98,None
CO99,None
CO100,None
CO101,None
CO102,None
CO103,None
CO104,None
CO105,None
CO106,None
CO107,None
CO108,None
CO109,None
CO110,None
CO111,None
CO112,None
CO113,None
CO114,None
CO115,None
CO116,None
CO117,None
CO118,None
CO119,None
CO120,None
CO121,None
CO125,None
CO127,None
CO130,None
CO132,None
CO133,None
CO134,None
CO135,None
CO144,None
CO145,None
CO147,None
CO150,None
CO151,None
CO152,None
CO157,None
CO159,None
CO160,None
CO161,None
CO162,None
CO163,None
CO164,None
CO165,None
CO166,None
CO167,None
CO168,None
CO169,None
CO170,None
CO171,None
CO172,None
CO173,None
CO174,None
CO175,None
CO176,None
CO178,None
CO179,None
CO180,None
CO187,None
CO188,None
CO189,None
CO190,None
CO191,None
CO192,None
CO193,None
CO194,None
CO195,None
CO196,None
CO197,None
CO198,None
CO199,None
CO200,None
CO201,None
CO202,None
CO204,None
CO205,None
CO206,None
CO207,None
CO208,None
CO209,None
CO211,None
CO212,None
CO213,None
CO214,None
CO215,None
CO216,None
CO217,None
CO220,None
CO221,None
CO222,None
CO223,None
CO227,None
CO228,None
CO233,None
CO234,None
CO235,None
CO236,None
CO237,None
CO238,None
CO239,None
CO240,None
CO241,None
CO248,None
CO252,None
CO253,None
CO254,None
CO269,None
CO270,None
CO271,None
CO272,None
CO273,None
CO274,None
CO276,None
CO277,None
CO278,None
CO279,None
CO280,None
CO284,None
CO286,None
CO287,None
CO288,None
CO289,None
CO290,None
CO291,None
CO292,None
CO293,None
CO294,None
CO295,None
CO296,None
CO297,None
CO298,None
CO299,None
CO300,None
CO301,None
CO302,None
CO303,None
CO305,None
CO306,None
CO307,None
CO308,None
CO309,None
CO310,None
CO311,None
CO312,None
CO313,None
CO314,None
CO315,None
CO316,None
CO317,None
CO318,None
CO319,None
CO320,None
CO321,None
CO322,None
CO323,None
CO324,None
CO325,None
CO326,None
CO327,None
CO328,None
CO329,None
CO331,None
CO332,None
CO333,None
CO334,None
CO335,None
CO336,None
CO337,None
CO338,None
CO339,None
CO340,None
CO341,None
CO342,None
CO343,None
CO344,None
CO344b,None
CO345,None
CO346,None
CO347,None
CO348,None
CO349,None
CO350,None
CO351,None
CO352,None
CO353,None
CO354,None
CO355,None
CO356,None
CO357,None
CO358,None
CO359,None
CO360,None
CO361,None
CO363,None
CO364,None
CO365,None
CO366,None
CO367,None
CO368,None
CO369,None
CO370,None
CO371,None
CO372,None
CO373,None
CO374,None
CO375,None
CO376,None
CO377,None
CO378,None
CO379,None
CO380,None
CO382,None
CO384,None
CO385,None
CO386,None
CO387,None
CO388,None
CO389,None
CO390,None
CO391,None
CO392,None
CO393,None
CO394,None
CO395,None
CO396,None
CO397,None
CO398,None
CO399,None
CO400,None
CO401,None
CO402,None
CO403,None
CO404,None
CO405,None
CO406,None
CO407,None
CO408,None
CO409,None
CO410,None
CO411,None
CO412,None
CO415,None
CO416,None
CO417,None
CO421,None
CO422,None
CO423,None
CO425,None
CO427,None
CO431,None
CO432,None
CO433,None
FL1,None
FL2,None
FL3,None
FL4,None
FL7,None
FL8,None
FL9,None
FL10,None
FL11,None
FL12,None
FL13,None
FL14,None
FL15,None
FL16,None
FL18,None
FL21,None
FL22,None
FL23,None
FL24,None
FL25,None
FL26,None
FL27,None
FL28,None
FL29,None
FL30,None
FL31,None
FL33,None
FL34,None
FL35,None
FL36,None
FL37,None
FL39,None
FL43,None
FL44,None
FL45,None
FL46,None
FL47,None
FL48,None
FL49,None
FL50,None
FL51,None
FL52,None
FL53,None
FL54,None
FL58,None
FL61,None
FL62,None
FL63,None
FL64,None
FL65,None
FL66,None
FL67,None
FL68,None
FL69,None
FL70,None
FL71,None
FL72,None
FL73,None
FL74,None
FL75,None
FL76,None
FL79,None
FL79b,None
FL80,None
FL81,None
FL82,None
FL83,None
FL84,None
FL85,None
FL86,None
FL87,None
FL88,None
FL89,None
FL90,None
FL91,None
FL92,None
FL93,None
FL99,None
FL100,None
FL101,None
FL102,None
FL103,None
FL104,None
FL105,None
FL106,None
FL108,None
FL109,None
FL110,None
FL111,None
FL112,None
FL113,None
FL114,None
FL115,None
FL116,None
FL117,None
FL123,None
FL124,None
FL128,None
FL137,None
FL138,None
FL139,None
FL140,None
FL141,None
FL142,None
FL143,None
FL144,None
FL145,None
FL146,None
FL147,None
FL148,None
FL149,None
FL150,None
FL151,None
FL152,None
FL153,None
FL154,None
FL155,None
FL156,None
FL157,None
FL158,None
FL159,None
FL160,None
FL161,None
FL164,None
FL166,None
FL167,None
FL168,None
FL173,None
FL174,None
FL175,None
FL176,None
FL177,None
FL178,None
FL179,None
FL180,None
FL181,None
FL182,None
FL183,None
FL184,None
FL185,None
FL186,None
FL187,None
FL188,None
FL189,None
FL190,None
FL191,None
FL192,None
FL193,None
FL194,None
FL195,None
FL196,None
FL197,None
FL198,None
FL199,None
FL201,None
FL202,None
FL203,None
FL204,None
FL205,None
FL206,None
FL207,None
FL208,None
FL209,None
FL210,None
FL213,None
FL214,None
FL215,None
FL217,None
FL218,None
FL219,None
FL220,None
FL221,None
FL222,None
FL226,None
FL227,None
FL228,None
FL231,None
FL232,None
FL233,None
FL234,None
FL235,None
FL236,None
FL237,None
FL239,None
FL240,None
FL241,None
FL245,None
FL248,None
FL251,None
FL253,None
FL254,None
FL255,None
FL256,None
FL259,None
FL260,None
FL261,None
FL262,None
FL263,None
FL266,None
FL267,None
FL268,None
FL269,None
FL270,None
FL272,None
FL273,None
FL274,None
FL286,None
FL287,None
FL288,None
FL293,None
FL294,None
FL299,None
FL300,None
FL301,None
FL302,None
FL303,None
FL310,None
FL311,None
FL312,None
FL313,None
FL317,None
FL318,None
FL319,None
FL320,None
FL321,None
FL322,None
FL323,None
FL324,None
FL325,None
FL329,None
FL330,None
FL334,None
FL335,None
FL336,None
FL338,None
FL339,None
FL345,None
FL346,None
FL347,None
FL348,None
FL349,None
FL352,None
FL362,None
FL371,None
FL372,None
FL376,None
FL377,None
FL378,None
FL380,None
FL381,None
FL382,None
FL384,None
FL385,None
FL391,None
FL392,None
FL394,None
FL395,None
FL396,None
FL397,None
FL399,None
FL400,None
FL401,None
FL402,None
FL403,None
FL404,None
FL405,None
FL406,None
FL407,None
FL408,None
FL409,None
FL410,None
FL411,None
FL412,None
FL413,None
FL416,None
FL423,None
FL427,None
FL428,None
FL429,None
FL430,None
FL431,None
FL432,None
FL433,None
FL434,None
FL435,None
FL436,None
FL437,None
FL438,None
FL439,None
FL440,None
FL441,None
FL442,None
FL446,None
FL447,None
FL448,None
FL449,None
FL450,None
FL451,None
FL454,None
FL455,None
FL456,None
FL457,None
FL458,None
FL459,None
FL460,None
FL461,None
FL462,None
FL463,None
FL464,None
FL465,None
FL466,None
FL467,None
FL468,None
FL470,None
FL471,None
FL472,None
FL473,None
FL474,None
FL475,None
FL476,None
FL477,None
FL478,None
FL479,None
FL480,None
FL481,None
FL482,None
FL483,None
FL484,None
FL485,None
FL486,None
FL487,None
FL488,None
FL489,None
FL490,None
FL491,None
FL492,None
FL494,None
FL495,None
FL496,None
FL508,None
FL509,None
FL510,None
FL511,None
FL512,None
FL513,None
FL514,None
FL515,None
FL516,None
FL521,None
FL522,None
FL525,None
FL526,None
FL527,None
FL529,None
FL530,None
FL533,None
FL534,None
FL536,None
FL537,None
FL538,None
FL543,None
FL544,None
FL545,None
FL548,None
FL551,None
FL552,None
FL553,None
FL554,None
FL555,None
FL556,None
FL571,None
FL574,None
FL575,None
FL580,None
FL581,None
FL590,None
FL591,None
FL592,None
FL593,None
FL595,None
FL596,None
FL597,None
FL598,None
FL599,None
FL600,None
FL601,None
FL603,None
FL604,None
FL605,None
FL606,None
FL607,None
FL608,None
FL611,None
FL612,None
FL614,None
FL615,None
FL616,None
FL617,None
FL619,None
FL620,None
FL621,None
FL622,None
FL623,None
FL624,None
FL626,None
FL627,None
FL628,None
FL629,None
FL630,None
FL631,None
FL632,None
FL638,None
FL639,None
FL640,None
FL643,None
FL644,None
FL645,None
FL646,None
FL647,None
FL648,None
FL651,None
FL652,None
FL653,None
FL654,None
FL656,None
FL657,None
FL658,None
FL662,None
FL663,None
FL664,None
FL665,None
FL666,None
FL667,None
FL668,None
FL670,None
FL671,None
FL672,None
FL673,None
FL674,None
FL675,None
FL676,None
FL677,None
FL678,None
FL679,None
FL680,None
FL681,None
FL682,None
FL683,None
FL685,None
FL686,None
FL687,None
FL689,None
FL690,None
FL691,None
FL692,None
FL693,None
FL694,None
FL695,None
FL697,None
FL698,None
FL699,None
FL701,None
FL702,None
FL703,None
FL704,None
FL705,None
FL706,None
FL707,None
FL708,None
FL709,None
FL710,None
FL712,None
FL713,None
FL714,None
FL716,None
FL719,None
FL722,None
FL726,None
FL728,None
FL730,None
FL731,None
FL734,None
FL735,None
FL736,None
FL738,None
FL745,None
FL746,None
FL751,None
FL752,None
FL753,None
FL754,None
FL758,None
FL760,None
FL770,None
FL772,None
FL774,None
FL775,None
FL776,None
FL777,None
FL778,None
FL779,None
FL780,None
FL781,None
FL782,None
FL784,None
FL785,None
FL789,None
FL790,None
FL791,None
FL793,None
FL794,None
FL795,None
FL796,None
FL797,None
FL800,None
FL801,None
FL805,None
FL810,None
FL811,None
FL812,None
FL813,None
FL816,None
FL817,None
FL818,None
FL822,None
FL829,None
FL830,None
FL831,None
FL832,None
FL834,None
FL838,None
FL840,None
FL841,None
FL842,None
FL843,None
FL844,None
FL845,None
FL847,None
FL848,None
FL635,CCK/KH
FL636,CCK/KH
FL637,CCK/KH
FL650,CCK/KH
FL718,CCK/KH
FL729,CCK/KH
FL740,CCK/KH
FL741,CCK/KH
FL742,CCK/KH
FL748,CCK/KH
FL749,CCK/KH
FL765,CCK/KH
FL766,CCK/KH
FL767,CCK/KH
FL768,CCK/KH
FL786,CCK/KH
FL792,CCK/KH
FL798,CCK/KH
FL799,CCK/KH
FL799b,CCK/KH
FL803,CCK/KH
FL804,CCK/KH
FL806,CCK/KH
FL807,CCK/KH
FL826,CCK/KH
FL424,HKN
FL425,HKN
FL426,HKN
FL633,HKN
FL634,HKN
FL641,HKN
FL655,HKN
FL737,HKN
FL833,HKN
FL833b,HKN
-,MarineParade_landed
CO33,MarineParade_landed
CO34,MarineParade_landed
CO43,MarineParade_landed
CO122,MarineParade_landed
CO123,MarineParade_landed
CO124,MarineParade_landed
CO128,MarineParade_landed
CO137,MarineParade_landed
CO138,MarineParade_landed
CO139,MarineParade_landed
CO140,MarineParade_landed
CO141,MarineParade_landed
CO142,MarineParade_landed
CO143,MarineParade_landed
CO148,MarineParade_landed
CO149,MarineParade_landed
CO153,MarineParade_landed
CO154,MarineParade_landed
CO155,MarineParade_landed
CO158,MarineParade_landed
CO181,MarineParade_landed
CO182,MarineParade_landed
CO183,MarineParade_landed
CO184,MarineParade_landed
CO185,MarineParade_landed
CO186,MarineParade_landed
CO203,MarineParade_landed
CO210,MarineParade_landed
CO218,MarineParade_landed
CO219,MarineParade_landed
CO224,MarineParade_landed
CO225,MarineParade_landed
CO226,MarineParade_landed
CO229,MarineParade_landed
CO230,MarineParade_landed
CO231,MarineParade_landed
CO232,MarineParade_landed
CO242,MarineParade_landed
CO243,MarineParade_landed
CO244,MarineParade_landed
CO245,MarineParade_landed
CO246,MarineParade_landed
CO247,MarineParade_landed
CO248,MarineParade_landed
CO249,MarineParade_landed
CO250,MarineParade_landed
CO251,MarineParade_landed
CO255,MarineParade_landed
CO256,MarineParade_landed
CO257,MarineParade_landed
CO258,MarineParade_landed
CO259,MarineParade_landed
CO260,MarineParade_landed
CO261,MarineParade_landed
CO262,MarineParade_landed
CO263,MarineParade_landed
CO264,MarineParade_landed
CO265,MarineParade_landed
CO266,MarineParade_landed
CO267,MarineParade_landed
CO268,MarineParade_landed
CO414,MarineParade_landed
CO419,MarineParade_landed
CO430,MarineParade_landed
FL125,RCT_int_BedokNorthRd
FL126,RCT_int_BedokNorthRd
FL127,RCT_int_BedokNorthRd
FL162,RCT_int_BedokNorthRd
FL163,RCT_int_BedokNorthRd
FL210,RCT_int_BedokNorthRd
FL212,RCT_int_BedokNorthRd
FL220,RCT_int_BedokNorthRd
FL238,RCT_int_BedokNorthRd
FL239,RCT_int_BedokNorthRd
FL240,RCT_int_BedokNorthRd
FL241,RCT_int_BedokNorthRd
FL242,RCT_int_BedokNorthRd
FL243,RCT_int_BedokNorthRd
FL244,RCT_int_BedokNorthRd
FL258,RCT_int_BedokNorthRd
FL271,RCT_int_BedokNorthRd
FL275,RCT_int_BedokNorthRd
FL276,RCT_int_BedokNorthRd
FL277,RCT_int_BedokNorthRd
FL846,RCT_int_BedokNorthRd
FL129,RCT_int_BedokReservoirRd
FL130,RCT_int_BedokReservoirRd
FL131,RCT_int_BedokReservoirRd
FL211,RCT_int_BedokReservoirRd
FL216,RCT_int_BedokReservoirRd
FL224,RCT_int_BedokReservoirRd
FL225,RCT_int_BedokReservoirRd
FL230,RCT_int_BedokReservoirRd
FL19,RCT_int_CircuitRd
FL20,RCT_int_CircuitRd
FL77,RCT_int_CircuitRd
FL78,RCT_int_CircuitRd
FL200,RCT_int_CircuitRd
FL358,RCT_int_CircuitRd
FL365,RCT_int_HougangAve8
FL366,RCT_int_HougangAve8
FL367,RCT_int_HougangAve8
FL375,RCT_int_HougangAve8
FL414,RCT_int_HougangAve8
FL415,RCT_int_HougangAve8
FL444,RCT_int_HougangAve8
FL445,RCT_int_HougangAve8
FL452,RCT_int_HougangAve8
FL453,RCT_int_HougangAve8
FL502,RCT_int_HougangAve8
FL507,RCT_int_HougangAve8
FL525,RCT_int_HougangAve8
FL783,RCT_int_HougangAve8
FL546,RCT_int_Punggol
FL547,RCT_int_Punggol
FL549,RCT_int_Punggol
FL550,RCT_int_Punggol
FL555,RCT_int_Punggol
FL739,RCT_int_Punggol
FL755,RCT_int_Punggol
FL756,RCT_int_Punggol
FL757,RCT_int_Punggol
FL762,RCT_int_Punggol
FL763,RCT_int_Punggol
FL771,RCT_int_Punggol
FL773,RCT_int_Punggol
FL132,RCT_int_Sengkang
FL133,RCT_int_Sengkang
FL134,RCT_int_Sengkang
FL135,RCT_int_Sengkang
FL136,RCT_int_Sengkang
FL368,RCT_int_Sengkang
FL369,RCT_int_Sengkang
FL370,RCT_int_Sengkang
FL379,RCT_int_Sengkang
FL383,RCT_int_Sengkang
FL389,RCT_int_Sengkang
FL390,RCT_int_Sengkang
FL469,RCT_int_Sengkang
FL497,RCT_int_Sengkang
FL498,RCT_int_Sengkang
FL503,RCT_int_Sengkang
FL504,RCT_int_Sengkang
FL535,RCT_int_Sengkang
FL732,RCT_int_Sengkang
FL733,RCT_int_Sengkang
FL750,RCT_int_Sengkang
FL759,RCT_int_Sengkang
FL246,RCT_int_Woodlands
FL247,RCT_int_Woodlands
FL248,RCT_int_Woodlands
FL249,RCT_int_Woodlands
FL250,RCT_int_Woodlands
FL252,RCT_int_Woodlands
FL417,RCT_int_Woodlands
FL418,RCT_int_Woodlands
FL419,RCT_int_Woodlands
FL518,RCT_int_Woodlands
FL519,RCT_int_Woodlands
FL520,RCT_int_Woodlands
FL524,RCT_int_Woodlands
FL533,RCT_int_Woodlands
FL542,RCT_int_Woodlands
FL543,RCT_int_Woodlands
FL562,RCT_int_Woodlands
FL563,RCT_int_Woodlands
FL570,RCT_int_Woodlands
FL571,RCT_int_Woodlands
FL572,RCT_int_Woodlands
FL578,RCT_int_Woodlands
FL579,RCT_int_Woodlands
FL586,RCT_int_Woodlands
FL587,RCT_int_Woodlands
FL594,RCT_int_Woodlands
FL606,RCT_int_Woodlands
FL642,RCT_int_YewTee
FL743,RCT_int_YewTee
FL744,RCT_int_YewTee
FL764,RCT_int_YewTee
FL808,RCT_int_YewTee
FL809,RCT_int_YewTee
FL814,RCT_int_YewTee
FL815,RCT_int_YewTee
FL819,RCT_int_YewTee
FL820,RCT_int_YewTee
FL821,RCT_int_YewTee
FL823,RCT_int_YewTee
FL824,RCT_int_YewTee
FL825,RCT_int_YewTee
FL827,RCT_int_YewTee
FL828,RCT_int_YewTee
FL17,RCT_nonint_AngMoKio
FL360,RCT_nonint_AngMoKio
FL361,RCT_nonint_AngMoKio
FL386,RCT_nonint_AngMoKio
FL398,RCT_nonint_AngMoKio
FL493,RCT_nonint_AngMoKio
FL499,RCT_nonint_AngMoKio
FL500,RCT_nonint_AngMoKio
FL505,RCT_nonint_AngMoKio
FL506,RCT_nonint_AngMoKio
FL835,RCT_nonint_AngMoKio
FL836,RCT_nonint_AngMoKio
FL443,RCT_nonint_BukitPanjang
FL649,RCT_nonint_BukitPanjang
FL659,RCT_nonint_BukitPanjang
FL660,RCT_nonint_BukitPanjang
FL661,RCT_nonint_BukitPanjang
FL688,RCT_nonint_BukitPanjang
FL700,RCT_nonint_BukitPanjang
FL717,RCT_nonint_BukitPanjang
FL720,RCT_nonint_BukitPanjang
FL727,RCT_nonint_BukitPanjang
FL6,RCT_nonint_PasirRis
FL223,RCT_nonint_PasirRis
FL229,RCT_nonint_PasirRis
FL257,RCT_nonint_PasirRis
FL264,RCT_nonint_PasirRis
FL265,RCT_nonint_PasirRis
FL282,RCT_nonint_PasirRis
FL289,RCT_nonint_PasirRis
FL292,RCT_nonint_PasirRis
FL625,RCT_nonint_Pioneer
FL715,RCT_nonint_Pioneer
FL721,RCT_nonint_Pioneer
FL761,RCT_nonint_Pioneer
FL769,RCT_nonint_Pioneer
FL363,RCT_nonint_SerangoonCentral
FL364,RCT_nonint_SerangoonCentral
FL373,RCT_nonint_SerangoonCentral
FL374,RCT_nonint_SerangoonCentral
FL387,RCT_nonint_SerangoonCentral
FL388,RCT_nonint_SerangoonCentral
FL393,RCT_nonint_SerangoonCentral
FL501,RCT_nonint_SerangoonCentral
FL38,RCT_nonint_ToaPayoh
FL40,RCT_nonint_ToaPayoh
FL41,RCT_nonint_ToaPayoh
FL42,RCT_nonint_ToaPayoh
FL55,RCT_nonint_ToaPayoh
FL56,RCT_nonint_ToaPayoh
FL57,RCT_nonint_ToaPayoh
FL59,RCT_nonint_ToaPayoh
FL60,RCT_nonint_ToaPayoh
FL359,RCT_nonint_ToaPayoh
FL669,RCT_nonint_Yuhua
FL684,RCT_nonint_Yuhua
FL696,RCT_nonint_Yuhua
FL711,RCT_nonint_Yuhua
FL723,RCT_nonint_Yuhua
FL724,RCT_nonint_Yuhua
FL725,RCT_nonint_Yuhua
FL94,Tampines
FL95,Tampines
FL96,Tampines
FL97,Tampines
FL98,Tampines
FL118,Tampines
FL119,Tampines
FL120,Tampines
FL121,Tampines
FL122,Tampines
FL165,Tampines
FL169,Tampines
FL170,Tampines
FL171,Tampines
FL172,Tampines
FL304,Tampines
FL305,Tampines
FL306,Tampines
FL307,Tampines
FL308,Tampines
FL309,Tampines
FL314,Tampines
FL315,Tampines
FL316,Tampines
FL326,Tampines
FL327,Tampines
FL328,Tampines
FL331,Tampines
FL332,Tampines
FL333,Tampines
FL337,Tampines
FL340,Tampines
FL341,Tampines
FL342,Tampines
FL343,Tampines
FL344,Tampines
FL350,Tampines
FL351,Tampines
FL353,Tampines
FL354,Tampines
FL355,Tampines
FL356,Tampines
FL357,Tampines
FL787,Tampines
FL802,Tampines
FL837,Tampines
FL839,Tampines
FL278,Yishun
FL279,Yishun
FL280,Yishun
FL281,Yishun
FL283,Yishun
FL284,Yishun
FL285,Yishun
FL290,Yishun
FL291,Yishun
FL295,Yishun
FL296,Yishun
FL297,Yishun
FL298,Yishun
FL420,Yishun
FL421,Yishun
FL422,Yishun
FL517,Yishun
FL523,Yishun
FL528,Yishun
FL531,Yishun
FL532,Yishun
FL539,Yishun
FL540,Yishun
FL541,Yishun
FL557,Yishun
FL558,Yishun
FL559,Yishun
FL560,Yishun
FL561,Yishun
FL564,Yishun
FL565,Yishun
FL566,Yishun
FL567,Yishun
FL568,Yishun
FL569,Yishun
FL573,Yishun
FL576,Yishun
FL577,Yishun
FL582,Yishun
FL583,Yishun
FL584,Yishun
FL585,Yishun
FL585b,Yishun
FL588,Yishun
FL589,Yishun
FL602,Yishun
FL609,Yishun
FL610,Yishun
FL613,Yishun
FL618,Yishun
FL747,Yishun
FL788,Yishun
